Date,House,anemia,arrhythmia,asthma,bacteria,biopsy,cancer,cardiomyopathy,cholesterol,coma,diabetes,embolism,encephalitis,epilepsy,hypertension,immunodeficiency,infection,leukemia,lupus,malaria,pneumonia,sepsis,stroke,tumor,Average
2004-11,4,61,52,56,59,55,95,53,68,17,80,23,50,53,33,8,48,90,43,24,20,32,50,30,47.82608695652174
2004-12,6,55,50,46,45,49,82,47,60,14,71,21,42,47,34,8,47,88,41,27,20,26,45,26,43.08695652173913
2005-01,6,58,55,55,50,55,86,50,70,17,71,20,45,48,34,8,49,82,43,32,24,29,43,28,45.73913043478261
2005-02,7,67,60,50,59,53,90,62,72,22,76,23,51,51,39,11,50,89,47,30,25,33,51,31,49.65217391304348
2005-03,11,63,53,52,49,54,82,60,73,29,77,24,44,52,37,9,49,89,45,30,23,31,44,31,47.82608695652174
2005-04,14,67,57,55,53,53,86,63,69,20,78,24,48,50,35,11,50,98,46,31,19,33,47,30,48.82608695652174
2005-05,17,60,54,47,41,54,81,51,64,20,75,23,48,45,33,10,50,89,43,29,16,27,46,27,44.91304347826087
2005-06,8,59,51,46,35,57,81,55,63,15,76,23,43,47,31,8,52,77,47,23,13,27,45,29,43.608695652173914
2005-07,6,56,56,40,30,54,76,57,65,15,68,21,46,42,31,7,50,70,42,20,11,26,48,30,41.78260869565217
2005-08,8,56,53,40,29,56,83,54,66,16,69,23,54,40,32,6,45,73,43,16,11,26,43,29,41.869565217391305
2005-09,17,59,50,44,44,56,77,53,64,15,67,21,68,46,31,8,48,73,41,18,14,27,43,29,43.30434782608695
2005-10,12,58,51,45,47,53,86,59,71,16,74,23,49,46,32,8,49,78,50,21,17,33,44,27,45.08695652173913
2005-11,12,59,47,48,47,49,75,56,64,15,74,23,44,46,34,7,45,76,38,28,18,30,45,27,43.26086956521739
2005-12,11,52,47,42,37,46,67,44,54,15,63,20,37,43,31,7,49,74,38,21,19,25,46,24,39.17391304347826
2006-01,19,55,53,45,43,52,75,54,67,20,76,23,39,44,40,8,53,76,40,22,19,30,61,28,44.47826086956522
2006-02,16,60,59,49,53,53,75,56,72,18,74,23,42,48,40,9,50,79,43,24,21,34,50,28,46.08695652173913
2006-03,14,57,55,50,48,52,85,56,73,18,78,25,48,48,40,8,50,82,42,25,20,32,52,28,46.608695652173914
2006-04,16,62,74,46,44,54,78,55,61,17,72,23,47,46,38,9,49,77,43,27,15,32,47,28,45.391304347826086
2006-05,27,54,53,42,38,56,77,50,60,16,69,21,44,47,36,8,49,73,39,25,12,29,43,28,42.130434782608695
2006-06,17,54,47,39,34,54,76,51,62,17,67,20,39,37,34,7,51,65,40,19,11,27,44,29,40.17391304347826
2006-07,15,54,51,34,28,54,73,47,60,17,65,20,42,38,31,6,50,67,36,17,11,26,39,26,38.78260869565217
2006-08,22,54,48,34,28,58,73,47,61,15,64,21,45,38,33,6,51,68,35,15,10,28,46,27,39.34782608695652
2006-09,35,58,50,38,40,53,78,50,65,19,69,20,49,38,33,8,51,73,37,18,13,29,43,27,41.69565217391305
2006-10,23,58,49,43,43,56,91,53,66,18,72,22,37,43,35,7,51,71,38,21,16,33,46,28,43.34782608695652
2006-11,27,53,48,41,40,53,74,50,63,17,72,23,38,46,34,7,48,81,34,22,17,32,41,26,41.73913043478261
2006-12,24,47,44,36,34,50,67,42,57,16,62,17,30,38,32,6,48,63,33,23,18,27,39,24,37.08695652173913
2007-01,29,50,50,40,40,55,75,45,68,16,71,21,51,41,37,7,52,69,39,22,22,32,42,27,42.26086956521739
2007-02,26,54,56,38,44,52,71,51,68,17,68,21,37,40,39,8,50,70,42,22,21,34,46,25,42.34782608695652
2007-03,25,59,54,39,38,52,80,47,64,21,68,22,41,43,38,8,50,67,45,23,19,35,42,26,42.65217391304348
2007-04,27,57,47,40,39,55,75,45,64,18,73,22,38,41,36,8,49,66,39,27,16,35,47,29,42.0
2007-05,36,55,48,43,38,55,78,47,60,17,71,21,40,42,34,7,50,66,41,24,13,33,44,27,41.47826086956522
2007-06,19,53,44,36,28,53,73,44,61,21,66,21,35,41,33,7,50,63,37,19,11,27,43,27,38.82608695652174
2007-07,14,55,46,30,25,54,71,47,63,20,71,21,38,40,32,6,52,61,36,19,10,30,41,26,38.869565217391305
2007-08,16,50,48,34,27,56,71,45,64,17,65,22,38,36,32,6,53,58,38,17,10,29,42,27,38.47826086956522
2007-09,32,58,50,41,42,55,77,52,65,18,70,21,42,40,34,7,54,59,40,19,13,33,43,28,41.78260869565217
2007-10,42,67,55,45,50,61,88,56,73,20,73,23,40,41,38,8,79,67,43,23,19,36,46,27,46.869565217391305
2007-11,40,60,54,44,46,49,75,57,69,22,69,23,32,41,37,8,64,56,40,23,21,34,44,26,43.21739130434783
2007-12,28,49,45,34,35,45,63,43,59,19,59,19,29,37,33,7,52,58,31,21,20,31,39,24,37.04347826086956
2008-01,28,58,51,41,39,47,69,50,74,19,64,21,35,38,39,8,56,65,38,20,24,32,45,26,41.69565217391305
2008-02,35,60,54,43,46,53,68,51,65,19,66,24,38,40,41,8,54,64,38,25,29,34,46,25,43.08695652173913
2008-03,19,63,52,44,44,53,83,48,62,21,69,22,39,39,40,8,53,67,40,24,23,33,44,28,43.43478260869565
2008-04,23,65,51,47,46,54,79,51,62,21,70,24,39,39,42,10,53,72,44,27,19,36,47,27,44.56521739130435
2008-05,40,60,49,44,39,48,74,46,56,21,63,22,38,41,36,7,52,66,45,23,15,33,46,29,41.43478260869565
2008-06,21,60,48,36,32,54,72,47,59,19,64,30,34,38,35,6,53,54,37,19,11,29,43,27,39.43478260869565
2008-07,18,59,50,34,28,53,74,47,60,20,59,22,37,37,36,6,53,55,40,18,10,32,43,25,39.04347826086956
2008-08,22,59,47,34,27,52,70,45,56,19,64,20,37,35,34,6,53,57,37,17,15,30,43,28,38.47826086956522
2008-09,57,62,53,39,43,51,82,47,61,21,64,24,36,39,36,7,55,65,39,17,16,35,45,26,41.869565217391305
2008-10,54,67,55,43,46,54,83,49,64,21,69,24,38,39,39,9,61,71,40,19,20,34,44,27,44.17391304347826
2008-11,56,64,56,41,44,50,73,50,64,24,70,22,34,41,38,8,57,69,37,22,22,33,44,27,43.04347826086956
2008-12,64,54,53,43,36,46,64,54,54,23,57,19,33,36,35,7,55,59,33,19,22,29,40,24,38.91304347826087
2009-01,59,59,56,39,41,50,73,46,63,21,61,19,31,38,38,7,56,64,37,19,23,51,43,26,41.78260869565217
2009-02,48,68,59,43,50,55,79,65,65,21,68,23,42,42,42,9,58,66,38,23,27,43,45,26,45.95652173913044
2009-03,44,66,60,46,49,54,76,52,65,22,71,24,39,41,43,9,58,75,43,22,24,36,45,28,45.56521739130435
2009-04,100,69,57,45,50,51,79,51,63,22,68,22,42,39,42,10,56,71,43,25,22,38,45,26,45.04347826086956
2009-05,66,64,57,42,42,50,82,46,57,23,64,21,40,39,36,9,55,69,39,23,18,30,44,26,42.43478260869565
2009-06,30,67,58,38,35,55,84,49,62,25,63,23,34,41,37,8,55,63,46,18,16,38,43,27,42.82608695652174
2009-07,25,61,59,34,29,54,72,49,61,22,62,20,35,33,37,8,56,57,58,17,15,29,45,28,40.91304347826087
2009-08,30,57,58,34,30,53,70,47,64,24,60,19,35,36,36,7,58,60,40,17,15,32,42,28,40.08695652173913
2009-09,70,66,59,42,48,51,78,52,64,21,65,24,40,38,37,9,62,66,45,17,22,33,45,30,44.08695652173913
2009-10,69,65,61,49,50,52,90,56,69,22,66,23,44,41,39,11,59,68,43,20,32,34,46,27,46.391304347826086
2009-11,57,69,57,47,46,51,75,48,68,28,68,24,44,44,41,10,63,78,39,20,31,36,45,27,46.04347826086956
2009-12,43,60,50,38,37,44,66,44,52,21,57,23,33,37,38,7,56,58,36,18,24,32,43,26,39.130434782608695
2010-01,45,63,57,41,40,46,73,49,62,23,64,21,34,36,42,7,58,64,41,19,23,32,48,26,42.130434782608695
2010-02,42,72,61,44,51,52,75,53,66,21,67,23,31,38,44,9,60,68,40,22,27,35,50,27,45.04347826086956
2010-03,40,73,61,45,52,57,73,55,70,27,71,23,40,41,44,10,60,70,42,24,23,34,48,28,46.56521739130435
2010-04,38,68,57,47,50,51,75,52,62,24,68,23,38,41,42,10,60,72,43,26,20,41,49,27,45.47826086956522
2010-05,45,71,58,42,45,48,71,52,58,25,66,44,38,40,39,8,60,67,48,22,18,35,52,26,44.91304347826087
2010-06,23,65,53,35,34,48,67,46,57,20,62,24,35,36,37,7,57,60,58,19,15,32,48,24,40.82608695652174
2010-07,21,64,55,33,29,45,63,46,54,25,58,23,43,32,34,6,61,56,45,19,14,30,45,24,39.30434782608695
2010-08,28,64,48,36,30,46,64,41,55,24,57,21,46,34,36,6,61,57,44,17,14,29,42,23,38.91304347826087
2010-09,42,67,54,41,42,47,79,47,58,23,61,26,41,34,41,8,62,63,46,19,19,33,44,24,42.56521739130435
2010-10,38,71,55,41,46,48,87,51,65,27,62,27,38,37,42,8,60,63,45,22,24,35,46,26,44.608695652173914
2010-11,35,71,52,41,44,47,69,49,59,27,62,23,36,39,42,8,59,68,41,23,24,39,47,24,43.21739130434783
2010-12,27,58,47,36,40,42,64,42,49,24,54,22,31,33,36,7,59,58,36,17,25,31,43,21,38.04347826086956
2011-01,28,62,55,39,41,53,72,45,57,25,57,22,33,35,43,7,70,58,43,21,31,36,47,24,42.43478260869565
2011-02,31,68,54,40,51,53,73,52,60,25,61,25,37,42,45,8,73,60,41,20,35,39,80,25,46.391304347826086
2011-03,34,73,59,45,51,60,75,65,64,28,66,33,37,42,46,8,72,74,55,21,29,41,59,28,49.17391304347826
2011-04,31,67,52,45,48,53,73,52,56,29,61,25,39,40,40,9,71,64,48,21,23,39,51,25,44.82608695652174
2011-05,37,63,48,42,43,54,75,49,53,30,57,23,34,37,38,8,69,60,55,20,20,43,47,26,43.21739130434783
2011-06,18,63,51,36,36,55,74,45,55,24,59,21,34,33,38,7,73,55,49,16,16,36,53,23,41.391304347826086
2011-07,15,62,46,32,30,51,66,44,50,25,56,20,36,32,36,6,71,52,44,15,14,36,46,24,38.869565217391305
2011-08,16,63,51,34,30,53,68,46,50,25,56,20,40,33,36,6,68,61,42,14,14,33,43,23,39.52173913043478
2011-09,22,64,51,37,46,52,79,51,62,25,57,22,43,35,38,8,69,63,45,15,21,39,47,25,43.21739130434783
2011-10,41,66,54,40,48,56,97,50,60,26,59,24,41,38,40,8,72,61,45,18,24,40,51,27,45.43478260869565
2011-11,26,65,52,42,45,53,74,54,56,29,60,22,38,38,42,8,71,58,41,18,30,34,48,25,43.608695652173914
2011-12,19,57,46,36,36,49,67,66,50,26,53,22,36,34,37,7,69,55,37,14,29,39,47,22,40.608695652173914
2012-01,21,68,54,40,41,55,73,53,59,29,65,22,38,36,46,7,72,61,47,17,30,39,51,25,44.69565217391305
2012-02,24,72,64,46,55,57,73,55,63,30,60,25,40,39,52,8,76,68,46,19,31,41,51,27,47.73913043478261
2012-03,20,70,60,45,48,57,73,54,60,25,62,24,36,39,47,8,72,63,49,18,28,42,51,25,45.91304347826087
2012-04,21,71,60,44,49,54,79,54,53,31,60,25,39,42,42,8,72,68,47,21,24,42,49,28,46.17391304347826
2012-05,46,60,51,41,74,55,73,51,54,28,58,21,36,37,42,8,72,61,52,19,20,41,48,26,44.69565217391305
2012-06,15,58,50,35,44,54,71,45,51,27,55,19,33,35,39,7,74,56,43,13,18,35,55,25,40.95652173913044
2012-07,11,60,50,35,38,53,67,45,49,31,58,22,41,34,36,6,72,53,44,14,17,44,47,24,40.869565217391305
2012-08,10,59,50,36,36,56,72,43,52,32,54,21,54,32,37,7,72,57,43,13,17,38,48,36,41.95652173913044
2012-09,9,63,57,40,52,55,76,53,56,47,55,24,48,38,43,8,74,60,45,15,24,42,49,27,45.69565217391305
2012-10,8,66,61,42,52,58,100,50,58,29,58,23,41,39,43,8,74,67,43,16,28,41,49,26,46.608695652173914
2012-11,8,63,58,41,47,52,71,47,53,33,58,22,39,39,41,8,72,63,50,17,29,42,48,25,44.26086956521739
2012-12,8,53,51,37,41,47,64,44,45,27,49,19,34,32,39,7,71,61,41,14,34,36,46,23,39.78260869565217
2013-01,9,59,58,44,44,53,69,47,53,26,57,20,35,36,45,8,78,59,41,16,38,42,48,25,43.52173913043478
2013-02,8,67,67,44,54,54,70,55,59,27,60,24,39,38,48,9,73,61,44,18,32,46,50,26,46.30434782608695
2013-03,8,64,61,41,52,54,66,46,55,100,60,23,41,46,46,9,74,63,42,18,28,43,48,25,48.04347826086956
2013-04,7,66,62,47,52,56,74,45,59,28,63,22,37,41,45,9,69,61,45,21,24,48,52,25,45.69565217391305
2013-05,7,59,54,43,45,57,73,46,52,26,57,21,50,37,43,8,71,57,52,20,21,40,50,26,43.82608695652174
2013-06,7,59,52,35,35,53,74,51,50,27,57,19,74,34,41,7,75,55,44,15,17,38,47,24,42.73913043478261
2013-07,8,61,53,33,32,54,73,100,52,25,57,20,45,33,40,6,74,55,57,15,15,41,48,25,44.08695652173913
2013-08,8,61,52,35,34,60,70,44,54,26,57,20,45,37,41,7,73,54,60,15,16,42,49,24,42.43478260869565
2013-09,7,63,58,41,54,53,70,48,56,26,57,21,44,38,42,8,70,57,54,16,20,44,49,24,44.04347826086956
2013-10,6,67,61,43,60,58,92,49,61,27,60,24,42,42,46,9,75,59,54,17,24,45,49,26,47.391304347826086
2013-11,6,65,56,40,50,57,70,45,65,30,65,24,38,43,44,8,74,59,48,17,28,46,53,26,45.69565217391305
2013-12,7,56,52,37,40,46,65,41,47,36,51,21,36,34,40,7,69,56,52,15,32,39,48,22,40.95652173913044
2014-01,7,60,57,43,44,52,69,43,55,40,60,25,41,37,45,8,76,54,54,15,38,43,49,23,44.82608695652174
2014-02,7,65,68,42,56,56,75,49,60,33,59,25,39,39,47,8,79,58,45,17,31,45,54,25,46.73913043478261
2014-03,6,68,59,42,51,54,74,48,58,30,61,23,41,46,47,9,72,59,46,18,27,46,52,26,45.95652173913044
2014-04,25,69,59,48,54,57,74,64,58,30,63,24,43,44,48,10,73,64,50,21,26,48,55,27,48.21739130434783
2014-05,20,61,57,42,50,59,74,45,50,27,59,23,42,42,44,8,72,59,56,19,21,44,53,26,44.91304347826087
2014-06,16,63,52,38,36,59,72,50,51,28,58,22,41,35,41,7,73,57,50,17,17,49,53,25,43.21739130434783
2014-07,14,62,53,37,40,58,71,46,52,26,60,22,41,39,40,7,71,54,44,17,16,46,52,25,42.56521739130435
2014-08,12,59,52,37,46,54,69,46,50,29,57,24,41,36,41,7,72,53,45,15,17,43,50,24,42.04347826086956
2014-09,10,65,60,44,53,62,74,51,57,33,62,21,43,38,42,9,70,55,45,17,24,49,52,26,45.73913043478261
2014-10,8,68,60,43,58,59,95,50,60,30,61,28,42,41,45,10,68,58,42,22,27,49,53,27,47.65217391304348
2014-11,8,64,54,44,47,53,66,46,56,28,62,30,35,43,48,9,68,54,37,17,30,44,50,25,43.91304347826087
2014-12,9,55,52,41,44,48,64,45,44,26,57,21,33,37,43,7,72,49,37,16,38,43,49,24,41.08695652173913
2015-01,10,63,56,43,45,53,72,47,52,29,57,22,36,37,46,9,73,52,40,15,38,60,50,25,44.34782608695652
2015-02,8,67,63,42,57,51,66,49,58,40,61,25,53,41,49,10,75,57,41,18,36,50,53,25,47.26086956521739
2015-03,8,70,62,47,55,58,72,47,59,30,65,27,43,45,54,10,75,60,47,17,31,51,55,27,48.130434782608695
2015-04,8,71,60,50,56,59,75,50,56,31,64,23,42,45,48,9,72,59,47,18,28,52,56,28,47.78260869565217
2015-05,8,65,58,43,51,58,77,46,51,29,62,23,37,41,45,8,70,57,54,18,24,51,54,26,45.56521739130435
2015-06,8,61,55,37,57,65,73,44,52,27,63,21,46,39,44,7,70,55,44,14,20,49,55,27,44.56521739130435
2015-07,8,65,55,37,44,59,73,48,52,27,63,21,39,39,43,7,75,52,45,15,19,52,54,26,43.91304347826087
2015-08,8,63,56,38,37,61,73,49,52,27,60,21,42,38,46,7,72,51,42,12,19,50,53,25,43.21739130434783
2015-09,7,65,59,43,58,61,84,53,59,28,59,22,50,42,47,9,73,58,43,15,25,54,59,27,47.52173913043478
2015-10,8,70,62,46,58,61,98,61,57,35,62,26,43,45,50,9,73,65,100,18,30,58,66,26,53.0
2015-11,9,65,55,45,54,57,74,65,58,29,63,25,38,46,49,9,77,60,45,17,33,55,56,25,47.82608695652174
2015-12,10,63,54,41,45,56,70,54,50,26,59,21,36,38,46,8,72,55,48,16,36,51,54,25,44.52173913043478
2016-01,12,62,53,42,48,59,82,47,50,26,63,21,33,36,48,8,75,53,44,14,34,49,51,23,44.391304347826086
2016-02,11,70,62,46,61,62,81,48,54,27,63,27,36,41,52,10,81,56,46,17,37,57,61,25,48.69565217391305
2016-03,10,81,62,45,60,64,79,47,56,27,67,22,36,44,51,9,76,58,44,16,35,75,59,26,49.52173913043478
2016-04,9,69,58,46,57,62,77,51,56,25,63,24,34,45,53,10,76,57,49,17,28,61,59,25,47.91304347826087
2016-05,8,67,54,42,52,58,73,45,52,27,63,21,31,39,47,8,67,54,51,16,23,50,61,25,44.608695652173914
2016-06,8,61,52,39,56,65,74,44,50,26,62,21,31,39,45,7,74,51,44,13,19,59,59,24,44.130434782608695
2016-07,8,59,49,36,50,58,70,41,44,24,58,20,31,38,43,7,74,48,44,11,17,59,55,25,41.78260869565217
2016-08,7,57,50,38,38,63,68,46,49,23,57,22,32,35,44,7,73,49,55,12,17,52,59,24,42.17391304347826
2016-09,7,64,53,43,57,58,80,43,57,24,60,21,33,40,46,9,73,57,62,13,39,63,61,26,47.04347826086956
2016-10,7,66,54,43,56,61,84,46,53,29,58,24,33,38,47,9,76,52,50,13,30,56,62,25,46.30434782608695
2016-11,11,70,55,48,51,64,70,51,51,28,73,50,42,44,37,12,75,57,55,14,35,56,63,2,47.95652173913044
2016-12,12,65,55,42,42,56,67,49,44,25,65,49,38,39,35,12,72,61,45,13,38,54,55,0,44.391304347826086
2017-01,13,70,64,44,50,65,73,63,52,25,80,55,40,42,41,13,80,60,42,14,41,75,58,0,49.869565217391305
2017-02,12,82,74,50,64,73,76,63,59,26,76,64,45,46,48,16,81,66,44,16,42,78,60,0,54.30434782608695
2017-03,12,83,88,47,57,71,72,73,61,27,81,62,36,50,46,16,78,71,45,16,35,79,65,0,54.73913043478261
2017-04,9,79,66,50,58,69,76,56,57,25,81,61,43,47,44,16,78,85,48,17,32,68,70,0,53.30434782608695
2017-05,8,74,65,50,53,70,73,56,54,26,77,61,54,44,42,14,76,61,47,16,26,65,69,0,51.0
2017-06,7,72,64,43,41,73,76,55,54,44,76,59,44,40,43,12,78,62,44,12,24,67,70,0,50.130434782608695
2017-07,8,70,63,39,46,69,75,56,54,26,78,54,44,40,40,11,79,61,46,12,20,65,71,0,48.65217391304348
2017-08,7,73,62,42,39,75,74,69,54,29,75,53,54,45,43,12,73,61,41,11,21,64,66,0,49.391304347826086
2017-09,8,75,63,47,57,67,74,64,56,24,74,56,47,45,42,13,75,63,77,13,27,66,64,0,51.69565217391305
2017-10,8,82,73,50,59,72,85,69,60,27,79,64,45,50,43,13,81,65,51,14,32,63,69,0,54.17391304347826
2017-11,7,68,61,49,56,69,73,53,55,25,81,56,38,51,43,13,83,61,50,14,32,57,65,0,50.130434782608695
2017-12,7,69,59,46,45,65,70,61,49,26,74,57,40,42,40,12,83,60,44,12,45,62,64,0,48.91304347826087
2018-01,8,78,66,50,54,71,72,63,58,25,81,63,45,47,43,13,86,68,44,13,60,100,66,0,55.04347826086956
2018-02,8,83,73,55,64,79,78,65,67,25,79,61,43,49,47,15,90,68,44,16,50,87,68,0,56.78260869565217
2018-03,9,69,67,55,57,74,74,44,63,24,71,17,36,52,49,11,80,61,44,14,34,62,65,0,48.82608695652174
2018-04,11,66,69,53,63,80,74,56,66,24,70,22,38,52,46,12,81,68,46,17,28,70,68,0,50.82608695652174
2018-05,13,61,68,54,56,74,74,51,57,22,69,21,36,44,39,10,79,63,50,17,24,61,67,0,47.69565217391305
2018-06,12,60,64,45,47,76,76,49,58,29,64,16,44,47,39,9,80,57,44,13,21,57,64,0,46.04347826086956
2018-07,12,58,65,44,44,73,78,43,57,22,68,18,47,42,40,8,84,62,48,17,19,59,65,0,46.130434782608695
2018-08,15,62,69,44,44,77,79,51,58,21,65,23,40,44,41,9,86,60,45,12,19,60,62,0,46.56521739130435
2018-09,14,63,73,48,56,73,78,43,65,22,64,18,39,43,43,10,81,61,43,14,26,76,62,0,47.869565217391305
2018-10,11,69,77,51,63,80,90,45,65,23,73,18,40,46,46,11,80,100,48,15,30,63,65,0,52.08695652173913
2018-11,12,62,72,50,55,71,76,39,63,24,70,18,35,53,58,11,82,61,43,15,38,59,64,0,48.65217391304348
2018-12,12,58,66,46,47,66,73,34,56,23,63,16,36,46,50,9,89,62,41,13,40,62,63,0,46.04347826086956
2019-01,13,67,75,49,53,77,79,37,71,67,73,19,38,52,58,10,88,60,45,14,43,64,64,0,52.30434782608695
2019-02,11,71,79,51,64,76,83,42,71,26,70,25,41,53,72,12,86,67,45,17,42,67,68,0,53.391304347826086
2019-03,13,68,78,53,60,79,89,42,75,24,78,18,39,62,72,13,88,63,47,16,40,72,100,0,55.47826086956522
2019-04,12,71,73,54,61,79,81,37,71,28,75,18,39,61,72,15,83,60,45,18,31,67,80,0,53.0
2019-05,13,69,69,49,55,80,78,40,67,24,72,17,38,60,69,11,85,61,50,17,29,62,74,0,51.130434782608695
2019-06,11,66,63,44,50,76,83,42,65,27,68,16,39,60,60,10,80,59,43,14,25,65,72,0,49.0
2019-07,12,69,65,42,100,73,76,48,61,23,69,18,37,100,66,10,83,58,46,14,22,65,71,0,52.869565217391305
2019-08,12,68,65,42,51,77,76,38,67,21,66,15,47,57,46,9,80,56,40,12,22,65,64,20,48.0
2019-09,12,68,68,47,66,79,82,42,69,24,68,18,77,50,48,13,81,61,57,14,29,65,69,5,52.17391304347826
2019-10,11,69,72,52,64,81,89,42,74,26,70,20,72,54,48,12,81,56,45,15,36,63,71,33,54.130434782608695
2019-11,11,67,69,51,55,74,77,40,67,24,72,15,42,55,48,12,80,56,42,15,39,61,71,43,51.08695652173913
2019-12,12,60,62,46,45,66,70,38,58,22,67,15,33,48,48,10,82,54,38,14,50,60,70,15,46.56521739130435
2020-01,13,68,69,55,52,76,74,43,74,23,75,17,37,52,55,12,93,56,46,14,62,82,69,6,52.608695652173914
2020-02,12,69,78,53,64,81,85,43,75,26,77,18,36,54,61,15,92,59,44,17,64,72,71,5,54.73913043478261
2020-03,12,60,65,100,79,59,61,38,50,26,68,16,40,42,57,98,93,49,46,100,100,63,57,4,59.608695652173914
2020-04,15,55,70,75,74,41,58,34,39,31,66,16,41,39,55,42,78,44,46,51,48,57,66,7,49.26086956521739
2020-05,14,57,66,57,57,48,58,31,46,25,66,14,32,42,50,31,70,48,42,21,24,47,64,7,43.608695652173914
2020-06,15,66,68,50,43,65,66,34,56,22,72,14,50,41,49,26,69,50,42,12,20,51,62,36,46.26086956521739
2020-07,17,62,67,57,42,65,70,38,64,27,68,15,46,41,53,28,81,51,38,15,28,54,64,47,48.73913043478261
2020-08,14,64,64,46,43,66,71,37,63,33,64,14,36,41,52,18,74,49,38,12,21,51,62,47,46.34782608695652
2020-09,14,67,77,48,75,68,70,43,66,25,66,16,39,46,55,18,74,52,42,12,23,55,71,52,50.43478260869565
2020-10,12,72,79,49,68,78,83,40,76,23,69,18,36,47,60,18,80,55,45,12,30,56,69,54,52.91304347826087
2020-11,12,61,68,46,49,64,65,36,62,22,64,17,34,45,52,19,76,49,36,11,30,51,62,48,46.391304347826086
2020-12,13,67,71,48,43,63,67,38,59,26,64,16,32,40,54,25,76,49,36,10,37,54,62,47,47.130434782608695
2021-01,14,70,74,48,44,63,68,60,67,22,70,96,35,42,64,30,73,49,38,10,36,60,63,48,53.47826086956522
2021-02,13,80,85,49,55,74,75,73,75,25,79,76,36,51,80,27,73,55,40,11,28,64,64,57,57.91304347826087
2021-03,11,83,83,53,49,74,71,74,73,23,73,62,35,46,91,31,73,57,38,10,24,56,64,56,56.47826086956522
2021-04,12,78,89,49,52,80,70,63,74,26,76,60,37,53,84,24,77,57,41,13,25,61,67,55,57.0
2021-05,12,75,75,44,45,76,71,58,74,22,72,24,37,47,78,22,79,57,42,11,23,59,67,55,52.73913043478261
2021-06,12,74,73,41,37,70,73,61,73,22,73,20,35,44,72,17,81,56,40,9,22,66,69,55,51.43478260869565
2021-07,12,73,74,41,38,70,73,64,67,23,71,21,36,48,65,26,84,56,39,9,25,67,66,53,51.69565217391305
2021-08,13,71,71,47,40,77,70,72,72,22,74,22,41,53,65,100,93,56,39,11,41,67,68,32,56.69565217391305
2021-09,12,78,80,50,56,72,78,69,76,24,70,24,37,49,57,40,88,60,39,12,42,68,64,32,55.0
2021-10,11,80,77,46,53,76,81,72,78,22,75,26,39,49,61,33,84,56,38,17,36,88,62,40,56.04347826086956
2021-11,11,77,73,48,50,77,72,62,76,24,73,26,38,50,60,35,85,55,38,11,37,66,66,32,53.52173913043478
2021-12,11,71,68,44,42,68,67,58,68,21,68,19,37,44,62,42,96,54,40,10,48,65,64,35,51.78260869565217
2022-01,13,81,75,53,50,76,71,64,77,23,78,32,46,48,75,46,96,55,42,11,56,73,73,47,58.608695652173914
2022-02,12,92,100,52,67,84,74,77,93,26,85,48,42,53,83,10,86,64,46,13,36,80,78,60,63.0
2022-03,11,95,98,55,64,89,76,73,96,22,84,41,72,55,82,29,86,65,47,14,29,79,77,51,64.30434782608695
2022-04,11,91,88,54,72,85,79,70,91,26,82,40,52,54,78,31,88,62,45,18,30,70,82,47,62.391304347826086
2022-05,12,85,75,51,58,72,75,64,83,26,79,52,44,47,59,10,89,67,45,16,29,57,72,62,57.26086956521739
2022-06,12,79,72,46,43,80,78,69,80,25,79,45,38,47,68,21,87,58,48,12,27,77,74,65,57.30434782608695
2022-07,13,78,72,44,44,73,76,56,79,28,78,34,48,48,72,23,88,64,47,11,25,65,75,92,57.391304347826086
2022-08,13,81,77,45,51,82,75,64,87,28,82,31,46,50,70,18,92,67,45,12,24,63,72,90,58.78260869565217
2022-09,14,83,85,50,68,77,75,63,88,24,79,38,48,47,71,22,91,67,41,13,30,67,73,83,60.130434782608695
2022-10,15,85,87,55,67,81,85,82,91,24,83,59,47,48,88,22,91,68,41,15,36,68,78,87,64.69565217391305
2022-11,13,82,83,53,62,75,78,89,85,30,82,50,51,50,85,21,93,69,47,15,45,65,77,100,64.65217391304348
2022-12,12,77,80,48,53,71,75,67,75,23,77,45,65,43,89,20,100,66,41,12,51,67,67,84,60.69565217391305
2023-01,13,85,97,51,58,80,85,84,92,27,87,48,57,46,95,19,93,67,46,13,37,67,79,82,65.0
2023-02,11,95,89,53,76,88,84,82,99,25,96,51,50,54,100,20,95,75,60,15,36,73,82,85,68.82608695652173
2023-03,10,100,88,58,71,93,80,86,100,26,97,64,55,49,68,21,94,85,58,15,34,74,77,52,67.17391304347827
2023-04,12,95,85,56,74,91,82,80,96,25,99,55,50,49,56,22,92,76,51,17,31,71,82,10,62.82608695652174
2023-05,19,94,81,57,63,87,82,83,92,26,91,71,62,48,54,18,88,76,52,16,28,68,79,22,62.52173913043478
2023-06,12,94,78,52,49,93,82,82,89,29,97,59,55,48,51,16,88,75,50,34,25,70,76,15,61.17391304347826
2023-07,10,92,75,45,48,79,78,79,86,25,90,50,57,52,48,15,82,70,46,36,22,71,75,13,58.0
2023-08,11,88,76,47,57,90,76,79,84,22,87,64,53,49,47,16,81,66,44,18,24,66,69,12,57.17391304347826
2023-09,11,95,81,53,81,88,81,82,89,22,90,69,56,50,49,22,87,72,44,18,30,71,72,10,61.391304347826086
2023-10,11,99,88,61,77,88,87,77,94,25,89,68,49,55,54,22,88,76,46,17,38,72,75,13,63.391304347826086
2023-11,12,98,81,59,68,85,75,74,85,27,90,63,61,53,53,22,95,73,41,15,51,69,72,13,61.869565217391305
2023-12,13,88,73,54,56,77,73,72,83,24,80,68,59,54,55,19,98,65,43,13,62,74,66,20,59.82608695652174
2024-01,13,93,82,54,62,88,83,73,95,25,97,79,54,53,58,20,97,73,45,15,48,73,70,14,63.08695652173913
2024-02,12,98,96,56,81,95,89,83,100,26,97,83,57,55,61,22,89,73,46,17,41,74,75,5,66.04347826086956
2024-03,12,91,88,56,71,94,91,77,96,31,99,80,52,53,58,21,90,70,49,15,36,77,72,18,64.56521739130434
2024-04,13,91,86,55,76,97,83,77,94,26,100,78,52,56,57,21,87,80,47,18,34,73,73,8,63.869565217391305
2024-05,15,87,77,52,65,94,78,73,87,24,89,76,60,50,53,16,82,66,46,17,32,74,73,20,60.47826086956522
2024-06,15,85,67,45,52,90,82,65,84,23,89,66,51,48,47,15,88,66,49,13,29,69,73,18,57.130434782608695
2024-07,15,87,74,47,50,89,76,68,88,23,86,70,45,47,47,17,84,63,49,13,29,70,71,17,56.95652173913044
2024-08,15,85,76,47,54,95,77,69,89,21,88,100,100,52,46,17,80,66,42,13,30,75,67,15,61.04347826086956
2024-09,17,88,84,53,79,92,78,72,93,25,85,71,86,52,49,20,83,67,44,15,41,79,69,18,62.73913043478261
2024-10,19,95,92,58,77,100,85,72,99,25,86,74,65,54,53,20,86,67,44,15,73,74,75,20,65.6086956521739
2024-11,19,82,79,56,64,94,76,67,90,26,87,46,61,54,50,21,86,66,43,14,88,76,69,30,61.95652173913044
2024-12,17,85,80,62,70,94,77,76,85,27,91,28,59,54,52,24,95,67,47,16,88,68,67,35,62.91304347826087
